Allarme in India per la mucormicosi, conseguenza del Covid-19, https://www.rainews.it/dl/rainews/articoli/allarme-india-mucormicosi-conseguenza-covid-19-a04fb066-dd65-40b8-b347-605500555d66.html
Covid-19, da oggi possibile prenotare vaccinazione per ..., http://www.start-news.it/2021/05/10/covid-19-da-oggi-possibile-prenotare-vaccinazione-per-soggetti-under-50-con-comorbilita/
Bassa tecnologia contro il covid19: «diga di gomma è presidio ..., http://www.dentaljournal.it/bassa-tecnologia-contro-covid19-diga-di-gomma-presidio-fondamentale/
Castellammare - Covid-19, 27 nuovi positivi. Muore 86enne ..., https://www.stabiachannel.it/Cronaca/castellammare-covid-19-27-nuovi-positivi-muore-86enne/91346
Covid-19: altre due vittime nel salernitano, nuovi contagi in 5 ..., https://www.salernotoday.it/cronaca/covid-contagi-decesso-fisciano-sammarco-ravello-contagi-angri-campagna-eboli-acerno-baronissi-10-maggio-2021.html
Boscoreale - Covid-19, continuano a migliorare i numeri ..., https://www.stabiachannel.it/Cronaca/boscoreale-covid-19-continuano-a-migliorare-i-numeri-somministrate-6184-dosi-di-vaccino/91345
Gli Usa e lo stop dei brevetti sui vaccini anti Covid-19: cosa ..., https://www.lifegate.it/usa-stop-brevetti-vaccini
Covid-19: Amazon inizierà la vendita di un suo test?, https://www.adriaeco.eu/2021/05/10/covid-19-amazon-iniziera-la-vendita-un-suo-test/
COVID-19 / Nelle Marche 57 nuovi positivi, 34 in provincia di ..., https://www.qdmnotizie.it/covid-19-nelle-marche-57-nuovi-positivi-34-in-provincia-di-ancona/
Covid-19. Due guarigioni a Spadafora. Sono 9 gli attuali positivi, https://www.98zero.com/1432580-covid-19-due-guarigioni-a-spadafora-sono-9-gli-attuali-positivi
